topicID,topics
0,gun control owner law violence america policy debate advocate show
1,police officer department incident county city killed video say according
2,ar 15 semi used automatic buy shooter need style enforcement
3,school student high parkland florida medium week control child life
4,trump president white house wednesday policy ha support lawmaker also
5,one like say think know would ha could thing time
6,state law federal enforcement official owner florida person act local
7,get news whether often let say already told life added
8,video street 000 country want people show ha world man
9,firearm gun act home sale handgun federal safety owner person
10,shot killed man two fired bullet one first time fire
11,weapon assault ban magazine used automatic style 2016 high military
12,death percent american number violence million government ha year crime
13,com second amendment twitter bullet news follow medium armed host
14,nra national association member group right political amendment republican support
15,check background sale system purchase record gun buy federal national
16,new york city ha week part street time month since
17,said told county official authority member statement monday home press
18,read 2016 news weapon control county member government report stop
19,wa told man went life later one story report time
20,year old family home two child county five ha million
21,company ha make group sale asked say year security national
22,attack left used official military american security including government dead
23,carry texas right handgun safety public armed state weapon city
24,court right case federal amendment arm second ban family law
25,bill republican house congress legislation lawmaker measure would support president
26,shooting mass people florida parkland left dead two victim shooter
27,rifle automatic military round fire semi style magazine assault used
28,use post report people violence information may following kind see
29,store sale good owner style rifle ha end purchase stop
