topicID,topics
0,gun control violence shooting owner law mass america crime policy
1,officer police department incident city county killed say enforcement video
2,ar 15 rifle automatic semi used round style shooter gun
3,school student high shooting florida parkland medium dead control week
4,trump president white read wednesday house policy ha support said
5,one say ha like people think know would could time
6,state law carry enforcement said public texas official federal owner
7,get news whether often let say told already want member
8,video street 000 country want people show ha world shooting
9,firearm act gun federal home according number crime use report
10,shot read killed man shooting 2016 two police time fired
11,company store said sale rifle ha make group year statement
12,check background sale system purchase gun record buy federal criminal
13,com second amendment twitter news follow bullet armed american host
14,nra national association member rifle group right republican political amendment
15,bill republican house congress legislation lawmaker measure would support president
16,new york city year old ha week part time street
17,wa said told old year home authority man county reported
18,weapon assault ban magazine rifle used automatic military style use
19,court right federal case amendment arm second law family ban
