topicID,topics
0,gun control pro anti related free rights violence controlled safety
1,wa shot two single long first handgun killed control ever
2,said nov 2016 20 10 22 21 12 2014 www
3,rifle like assault ban automatic making air maker proof 15
4,firearm related anti violence often based non supporting filled storage
5,weapon even concealed assault carry ammunition well screening style weapons
6,ha right like far new carry wing leaning hand center
7,one third kind day way quarter size story history page
8,people even org 12 www top reason press 2013 protection
9,shooting practical target mass post related non combat 2018 mar
10,law abiding enforcement common father already letter brother 12 related
11,would nra field backed funded anti pro supported supporting advantage
12,state level based issued court art often approved supporting us
13,year old 19 two 17 10 three 20 18 five
14,school high safety capacity old age elementary profile powered tech
15,police involved ap 2016 vehicle anti pro 21 news www
16,say news ex abc marine 2016 19 www old npr
17,ar 15 15s style assault type old 57 10 military
18,also like twitter others pistol bear plastic com pic breitbart
19,time first part two full long real end small night
