topicID,topics
0,gun control owner violence law america debate show policy advocate
1,wa said told old home year authority county man report
2,ar 15 rifle automatic semi used round style shooter store
3,school student high florida parkland shooting medium control week dead
4,trump president white house wednesday policy ha said support lawmaker
5,one say like ha think know would could people see
6,state law carry enforcement public said texas federal official owner
7,get news whether often let say already told want added
8,video street 000 country want people show world ha man
9,firearm gun act federal home use sale handgun owner safety
10,shot killed man two one fired wa first bullet fire
11,company store said sale ha rifle year make group statement
12,check background sale system purchase gun record federal buy criminal
13,com second amendment twitter news follow bullet armed host american
14,nra national association member rifle group right republican political amendment
15,bill republican house legislation congress lawmaker measure would support president
16,new york city year ha week part street old time
17,attack official left military american government used report member security
18,read 2016 report weapon news control shooting parkland use post
19,court right federal case arm amendment second law family handgun
20,shooting year death people violence mass old killed percent victim
21,weapon assault ban magazine rifle automatic used military style use
22,officer police department incident city county say killed enforcement video
