0,gun control violence shooting owner law mass america crime policy
1,police officer department incident city county video killed say man
2,ar 15 rifle automatic semi used round style shooter store
3,school student high shooting florida parkland medium dead control left
4,trump president white house wednesday policy ha support lawmaker also
5,one ha say like people think know would could use
6,state law carry enforcement public texas federal owner official local
7,get news whether often let say already told want life
8,video street 000 country want people show ha world shooting
9,firearm act gun federal home number according crime death handgun
10,shot killed shooting two man time fired one fire year
11,company store sale rifle ha year make group say end
12,check background sale system purchase gun record federal buy criminal
13,com second amendment twitter news follow bullet armed american host
14,nra national association member rifle group right republican political amendment
15,bill republican house legislation congress lawmaker measure would support president
16,new york city year old ha week part time street
17,said told official county member authority statement two attack home
18,read 2016 report attack weapon news control government member official
19,court right federal case amendment arm second law family handgun
20,wa year old told man report life went family one
21,weapon assault ban magazine rifle used automatic military style mass
