0,gun control violence shooting owner law mass america crime policy,,
1,officer police department incident city county killed say enforcement video,incident,police
2,ar 15 rifle automatic semi used round style shooter gun,gun type,ar 15
3,school student high shooting florida parkland medium dead control week,incident ,parkland
4,trump president white read wednesday house policy ha support said,trump,
5,one say ha like people think know would could time,meta,
6,state law carry enforcement said public texas official federal owner,legal,enforcement
7,get news whether often let say told already want member,meta,
8,video street 000 country want people show ha world shooting,incident,
9,firearm act gun federal home according number crime use report,research,
10,shot read killed man shooting 2016 two police time fired,incident,police
11,company store said sale rifle ha make group year statement,sales,
12,check background sale system purchase gun record buy federal criminal,legal,background check
13,com second amendment twitter news follow bullet armed american host,legal,second ammend
14,nra national association member rifle group right republican political amendment,nra,
15,bill republican house congress legislation lawmaker measure would support president,legal,
16,new york city year old ha week part time street,incident,nyc
17,wa said told old year home authority man county reported,NA,
18,weapon assault ban magazine rifle used automatic military style use,gun type,assault
19,court right federal case amendment arm second law family ban,legal,second ammend