topicID,description,general,specific
0,gun control violence shooting owner law mass america crime policy,gun control,na
1,police officer department incident city county video killed say man,incident,police
2,ar 15 rifle automatic semi used round style shooter store,gun type,ar 15
3,school student high shooting florida parkland medium dead control left,incident,arkland
4,trump president white house wednesday policy ha support lawmaker also,government,trump
5,one ha say like people think know would could use,meta,meta
6,state law carry enforcement public texas federal owner official local,legal,enforcement
7,get news whether often let say already told want life,meta,meta
8,video street 000 country want people show ha world shooting,meta,meta
9,firearm act gun federal home number according crime death handgun,legal,firearm act
10,shot killed shooting two man time fired one fire year,incident,general
11,company store sale rifle ha year make group say end,sales,sales
12,check background sale system purchase gun record federal buy criminal,legal,background checks
13,com second amendment twitter news follow bullet armed american host,legal,second ammend
14,nra national association member rifle group right republican political amendment,legal,nra
15,bill republican house legislation congress lawmaker measure would support president,government,house & congress
16,new york city year old ha week part time street,incident,nyc
17,said told official county member authority statement two attack home,incident,attack
18,read 2016 report attack weapon news control government member official,incident,attack
19,court right federal case amendment arm second law family handgun,legal,second ammend
20,wa year old told man report life went family one,meta,meta
21,weapon assault ban magazine rifle used automatic military style mass,gun type,assault