0,gun control violence owner law crime america show policy debate
1,wa year old told life went one family later time
2,ar 15 rifle automatic semi used round style shooter gun
3,school student high parkland florida medium control week child shooting
4,trump president white wednesday house policy ha support lawmaker attack
5,one say like ha think people know would could see
6,state law carry enforcement public texas federal owner official legislation
7,get news whether often let already say told want life
8,video street 000 country want people show ha world white
9,firearm act gun federal number home death sale crime 000
10,shot killed two fired one fire bullet first time man
11,company store sale rifle ha year make group say end
12,check background sale system purchase gun record buy federal criminal
13,com second amendment twitter news follow armed american bullet medium
14,nra national association member group rifle right political republican amendment
15,bill republican house congress legislation lawmaker measure support would president
16,new york city year old ha week part time street
17,said told official county member statement authority two monday press
18,read 2016 news control report member county post government parkland
19,court right federal case arm amendment second family law handgun
20,shooting mass people dead florida left violence year killed two
21,ban assault magazine weapon rifle style high bill bullet law
22,officer police department county enforcement video wa incident fired killed
23,police man report incident department according say reported security home
24,weapon military used use system 2016 fire attack automatic made
